url,movie title,movie link,Image Card,Image Card_link
https://www.mxplayer.in/movies,"Almighty Thor | Hindi Dub
Hollywood Dub, Hindi, 2010",https://www.mxplayer.in/movie/watch-almighty-thor-hindi-dub-movie-online-f12f61598884a1c2c5c064eab896b14f,https://j2apps.s.llnwi.net/is1/media/images/f12f61598884a1c2c5c064eab896b14f/2x3/2x/test_pic1547810084301.jpg,https://www.mxplayer.in/movie/watch-almighty-thor-hindi-dub-movie-online-f12f61598884a1c2c5c064eab896b14f
https://www.mxplayer.in/movies,"Age of Dinosaur | Hindi Dub
Hollywood Dub, Hindi, 2012",https://www.mxplayer.in/movie/watch-age-of-dinosaur-hindi-dub-movie-online-522f6a5eabd4f708d8552c46706ef2b6,https://j2apps.s.llnwi.net/is1/media/images/522f6a5eabd4f708d8552c46706ef2b6/2x3/2x/test_pic1531726607396.jpg,https://www.mxplayer.in/movie/watch-age-of-dinosaur-hindi-dub-movie-online-522f6a5eabd4f708d8552c46706ef2b6
https://www.mxplayer.in/movies,"Battledogs | Hindi Dub
Hollywood Dub, Hindi, 2012",https://www.mxplayer.in/movie/watch-battledogs-hindi-dub-movie-online-f4397888b1c6d3fe70ec7da16cd57705,https://j2apps.s.llnwi.net/is1/media/images/f4397888b1c6d3fe70ec7da16cd57705/2x3/2x/test_pic1544792015418.jpg,https://www.mxplayer.in/movie/watch-battledogs-hindi-dub-movie-online-f4397888b1c6d3fe70ec7da16cd57705
https://www.mxplayer.in/movies,"Avenger Grimm | Hindi Dub
Hollywood Dub, Hindi, 2014",https://www.mxplayer.in/movie/watch-avenger-grimm-hindi-dub-movie-online-50406e7a768953513e0a8e733249df8a,https://j2apps.s.llnwi.net/is1/media/images/50406e7a768953513e0a8e733249df8a/2x3/2x/test_pic1537450769425.jpg,https://www.mxplayer.in/movie/watch-avenger-grimm-hindi-dub-movie-online-50406e7a768953513e0a8e733249df8a
https://www.mxplayer.in/movies,"Dragons of Camelot | Hindi Dub
Hollywood Dub, Hindi, 2014",https://www.mxplayer.in/movie/watch-dragons-of-camelot-hindi-dub-movie-online-753aa804d516c005a3c999f2e2c28a98,https://j2apps.s.llnwi.net/is1/media/images/753aa804d516c005a3c999f2e2c28a98/2x3/2x/test_pic1537859677245.jpg,https://www.mxplayer.in/movie/watch-dragons-of-camelot-hindi-dub-movie-online-753aa804d516c005a3c999f2e2c28a98
https://www.mxplayer.in/movies,"The Devils Double | Hindi Dub
Hollywood Dub, Hindi, 2010",https://www.mxplayer.in/movie/watch-the-devils-double-hindi-dub-movie-online-87512d33c5deefffbe3355b9c501a948,https://j2apps.s.llnwi.net/is1/media/images/87512d33c5deefffbe3355b9c501a948/2x3/2x/test_pic1537451172098.jpg,https://www.mxplayer.in/movie/watch-the-devils-double-hindi-dub-movie-online-87512d33c5deefffbe3355b9c501a948
https://www.mxplayer.in/movies,"Jurassic Shark | Hindi Dub
Hollywood Dub, Hindi, 2011",https://www.mxplayer.in/movie/watch-jurassic-shark-hindi-dub-movie-online-a7c7cf360fe3aba517d27261f42a8ff1,https://j2apps.s.llnwi.net/is1/media/images/a7c7cf360fe3aba517d27261f42a8ff1/2x3/2x/test_pic1537450895016.jpg,https://www.mxplayer.in/movie/watch-jurassic-shark-hindi-dub-movie-online-a7c7cf360fe3aba517d27261f42a8ff1
https://www.mxplayer.in/movies,"Jurassic City | Hindi Dub
Hollywood Dub, Hindi, 2014",https://www.mxplayer.in/movie/watch-jurassic-city-hindi-dub-movie-online-a55749210226173aa2fa3334d437fb3e,https://j2apps.s.llnwi.net/is1/media/images/a55749210226173aa2fa3334d437fb3e/2x3/2x/test_pic1531726146584.jpg,https://www.mxplayer.in/movie/watch-jurassic-city-hindi-dub-movie-online-a55749210226173aa2fa3334d437fb3e
https://www.mxplayer.in/movies,"Dragon Crusaders | Hindi Dub
Hollywood Dub, Hindi, 2010",https://www.mxplayer.in/movie/watch-dragon-crusaders-hindi-dub-movie-online-d14edc35f7a231da70dd082d1864f8cd,https://j2apps.s.llnwi.net/is1/media/images/d14edc35f7a231da70dd082d1864f8cd/2x3/2x/test_pic1537800244759.jpg,https://www.mxplayer.in/movie/watch-dragon-crusaders-hindi-dub-movie-online-d14edc35f7a231da70dd082d1864f8cd
https://www.mxplayer.in/movies,"Heart Attack 3
Dub, Hindi, 2012",https://www.mxplayer.in/movie/watch-heart-attack-3-movie-online-9fc734ad705381dc9f53771d1696ffd5,https://j2apps.s.llnwi.net/is1/media/images/9fc734ad705381dc9f53771d1696ffd5/2x3/2x/test_pic1555049236389.jpg,https://www.mxplayer.in/movie/watch-heart-attack-3-movie-online-9fc734ad705381dc9f53771d1696ffd5
https://www.mxplayer.in/movies,"Fidaa
Dub, Hindi, 2017",https://www.mxplayer.in/movie/watch-fidaa-movie-online-a5807c1f4c8ee63a3e474d1164546239,https://j2apps.s.llnwi.net/is1/media/images/a5807c1f4c8ee63a3e474d1164546239/2x3/2x/test_pic1555058540700.jpg,https://www.mxplayer.in/movie/watch-fidaa-movie-online-a5807c1f4c8ee63a3e474d1164546239
https://www.mxplayer.in/movies,"MCA (Middle Class Abbayi)
Dub, Hindi, 2017",https://www.mxplayer.in/movie/watch-mca-middle-class-abbayi-movie-online-044f9473cdc249647b0ac9ee301b7a39,https://j2apps.s.llnwi.net/is1/media/images/044f9473cdc249647b0ac9ee301b7a39/2x3/2x/test_pic1552647786443.jpg,https://www.mxplayer.in/movie/watch-mca-middle-class-abbayi-movie-online-044f9473cdc249647b0ac9ee301b7a39
https://www.mxplayer.in/movies,"No Mr Perfect
Dub, Hindi, 2011",https://www.mxplayer.in/movie/watch-no-mr-perfect-movie-online-a51b83837ec06e05e94d27237bb3d125,https://j2apps.s.llnwi.net/is1/media/images/a51b83837ec06e05e94d27237bb3d125/2x3/2x/test_pic1555055618626.jpg,https://www.mxplayer.in/movie/watch-no-mr-perfect-movie-online-a51b83837ec06e05e94d27237bb3d125
https://www.mxplayer.in/movies,"Chakram
Dub, Hindi, 2005",https://www.mxplayer.in/movie/watch-chakram-movie-online-cc7b28c8d4ca37d4f33a9380a52dffa4,https://j2apps.s.llnwi.net/is1/media/images/cc7b28c8d4ca37d4f33a9380a52dffa4/2x3/2x/test_pic1555057010304.jpg,https://www.mxplayer.in/movie/watch-chakram-movie-online-cc7b28c8d4ca37d4f33a9380a52dffa4
https://www.mxplayer.in/movies,"Heart Attack
Dub, Hindi, 2014",https://www.mxplayer.in/movie/watch-heart-attack-movie-online-097366645ffe391abf0fcaf259aa37d4,https://j2apps.s.llnwi.net/is1/media/images/097366645ffe391abf0fcaf259aa37d4/2x3/2x/test_pic1555055350621.jpg,https://www.mxplayer.in/movie/watch-heart-attack-movie-online-097366645ffe391abf0fcaf259aa37d4
https://www.mxplayer.in/movies,"Daringbaaz Aashiq
Dub, Hindi, 2010",https://www.mxplayer.in/movie/watch-daringbaaz-aashiq-movie-online-0890251d3720a99835cbc6d29563dd66,https://j2apps.s.llnwi.net/is1/media/images/0890251d3720a99835cbc6d29563dd66/2x3/2x/test_pic1552647186579.jpg,https://www.mxplayer.in/movie/watch-daringbaaz-aashiq-movie-online-0890251d3720a99835cbc6d29563dd66
https://www.mxplayer.in/movies,"Mohabbat Ke Dushman
Dub, Hindi, 2006",https://www.mxplayer.in/movie/watch-mohabbat-ke-dushman-movie-online-b0e66525624dfde1c7d6f458387fe8cd,https://j2apps.s.llnwi.net/is1/media/images/b0e66525624dfde1c7d6f458387fe8cd/2x3/2x/test_pic1555059079328.jpg,https://www.mxplayer.in/movie/watch-mohabbat-ke-dushman-movie-online-b0e66525624dfde1c7d6f458387fe8cd
https://www.mxplayer.in/movies,"Sabse Bada Zero
Dub, Hindi, 2017",https://www.mxplayer.in/movie/watch-sabse-bada-zero-movie-online-164954b519574b389c0af587e7594f9a,https://j2apps.s.llnwi.net/is1/media/images/164954b519574b389c0af587e7594f9a/2x3/2x/2d2698232da8e80bdc01f077c2c82eef_1280x1920.jpg,https://www.mxplayer.in/movie/watch-sabse-bada-zero-movie-online-164954b519574b389c0af587e7594f9a
https://www.mxplayer.in/movies,"Meri Awargi
Dub, Hindi, 2007",https://www.mxplayer.in/movie/watch-meri-awargi-movie-online-00806f99a917aa60e0ed2623bd072fa4,https://j2apps.s.llnwi.net/is1/media/images/00806f99a917aa60e0ed2623bd072fa4/2x3/2x/test_pic1552900320048.jpg,https://www.mxplayer.in/movie/watch-meri-awargi-movie-online-00806f99a917aa60e0ed2623bd072fa4
https://www.mxplayer.in/movies,"Dangerous Khiladi 6
Dub, Hindi, 2013",https://www.mxplayer.in/movie/watch-dangerous-khiladi-6-movie-online-35e8076b7165873ae437265225340b02,https://j2apps.s.llnwi.net/is1/media/images/35e8076b7165873ae437265225340b02/2x3/2x/test_pic1552638956265.jpg,https://www.mxplayer.in/movie/watch-dangerous-khiladi-6-movie-online-35e8076b7165873ae437265225340b02
https://www.mxplayer.in/movies,"VIP 2 Lalkar
Dub, Hindi, 2017",https://www.mxplayer.in/movie/watch-vip-2-lalkar-movie-online-39c615101c69abe551a68b48ccdfc4ee,https://j2apps.s.llnwi.net/is1/media/images/39c615101c69abe551a68b48ccdfc4ee/2x3/2x/test_pic1552646324369.jpg,https://www.mxplayer.in/movie/watch-vip-2-lalkar-movie-online-39c615101c69abe551a68b48ccdfc4ee
https://www.mxplayer.in/movies,"Abhinetri No 1
Dub, Hindi, 2016",https://www.mxplayer.in/movie/watch-abhinetri-no-1-movie-online-ec29247e0630fa21804ed68942221d22,https://j2apps.s.llnwi.net/is1/media/images/ec29247e0630fa21804ed68942221d22/2x3/2x/test_pic1552901355907.jpg,https://www.mxplayer.in/movie/watch-abhinetri-no-1-movie-online-ec29247e0630fa21804ed68942221d22
https://www.mxplayer.in/movies,"Jamai Raja (Maapillai)
Dub, Hindi, 2011",https://www.mxplayer.in/movie/watch-jamai-raja-maapillai-movie-online-725b9a8feb48909f563730436c2a7c86,https://j2apps.s.llnwi.net/is1/media/images/725b9a8feb48909f563730436c2a7c86/2x3/2x/test_pic1555052730827.jpg,https://www.mxplayer.in/movie/watch-jamai-raja-maapillai-movie-online-725b9a8feb48909f563730436c2a7c86
https://www.mxplayer.in/movies,"Gulebagavali
Dub, Hindi, 2018",https://www.mxplayer.in/movie/watch-gulebagavali-movie-online-734e26dc30a4802907312364f02d7454,https://j2apps.s.llnwi.net/is1/media/images/734e26dc30a4802907312364f02d7454/2x3/2x/test_pic1555055265406.jpg,https://www.mxplayer.in/movie/watch-gulebagavali-movie-online-734e26dc30a4802907312364f02d7454
https://www.mxplayer.in/movies,"Jaani Dushman
Dub, Hindi, 2013",https://www.mxplayer.in/movie/watch-jaani-dushman-movie-online-d61f1ec042a1cf63bc8e658c3da3281b,https://j2apps.s.llnwi.net/is1/media/images/d61f1ec042a1cf63bc8e658c3da3281b/2x3/2x/ce904a3d1ba346d8b0dea70573984e77_1280x1920.jpg,https://www.mxplayer.in/movie/watch-jaani-dushman-movie-online-d61f1ec042a1cf63bc8e658c3da3281b
https://www.mxplayer.in/movies,"Ambala
Dub, Hindi, 2015",https://www.mxplayer.in/movie/watch-ambala-movie-online-4b434e650ec016a2c0904f3885d6c5da,https://j2apps.s.llnwi.net/is1/media/images/4b434e650ec016a2c0904f3885d6c5da/2x3/2x/d7bac34aa7e0dc0bcd5069e70bfde28d_1280x1920.jpg,https://www.mxplayer.in/movie/watch-ambala-movie-online-4b434e650ec016a2c0904f3885d6c5da
https://www.mxplayer.in/movies,"Hero No Zero 2
Dub, Hindi, 2013",https://www.mxplayer.in/movie/watch-hero-no-zero-2-movie-online-9ec3f34f09d63d53b2c57493f579068f,https://j2apps.s.llnwi.net/is1/media/images/9ec3f34f09d63d53b2c57493f579068f/2x3/2x/e7e52198b0a5a959ed0d20cdcb190a4c_1280x1920.jpg,https://www.mxplayer.in/movie/watch-hero-no-zero-2-movie-online-9ec3f34f09d63d53b2c57493f579068f
https://www.mxplayer.in/movies,"Ek Aur Bol Bachchan
Dub, Hindi, 2013",https://www.mxplayer.in/movie/watch-ek-aur-bol-bachchan-movie-online-b0be154e5697c4fd6b2be78ea9f2bf1e,https://j2apps.s.llnwi.net/is1/media/images/b0be154e5697c4fd6b2be78ea9f2bf1e/2x3/2x/9a50de64eebce8438f021f59668d6ae1_1280x1920.jpg,https://www.mxplayer.in/movie/watch-ek-aur-bol-bachchan-movie-online-b0be154e5697c4fd6b2be78ea9f2bf1e
https://www.mxplayer.in/movies,"Ek Khiladi
Dub, Hindi, 2014",https://www.mxplayer.in/movie/watch-ek-khiladi-movie-online-3e49000e1e506198654221ba5e74e2fc,https://j2apps.s.llnwi.net/is1/media/images/3e49000e1e506198654221ba5e74e2fc/2x3/2x/test_pic1555055161940.jpg,https://www.mxplayer.in/movie/watch-ek-khiladi-movie-online-3e49000e1e506198654221ba5e74e2fc
https://www.mxplayer.in/movies,"DJ
Dub, Hindi, 2017",https://www.mxplayer.in/movie/watch-dj-movie-online-3f7de5a6ca099b1e5ef3f8dfa888fc8c,https://j2apps.s.llnwi.net/is1/media/images/3f7de5a6ca099b1e5ef3f8dfa888fc8c/2x3/2x/test_pic1552639112481.jpg,https://www.mxplayer.in/movie/watch-dj-movie-online-3f7de5a6ca099b1e5ef3f8dfa888fc8c
https://www.mxplayer.in/movies,"Kaashmora
Dub, Hindi, 2016",https://www.mxplayer.in/movie/watch-kaashmora-movie-online-fcb7acb9e4a7d76f3b9172d600391ed3,https://j2apps.s.llnwi.net/is1/media/images/fcb7acb9e4a7d76f3b9172d600391ed3/2x3/2x/test_pic1552641742096.jpg,https://www.mxplayer.in/movie/watch-kaashmora-movie-online-fcb7acb9e4a7d76f3b9172d600391ed3
https://www.mxplayer.in/movies,"Patel On Sale
Dub, Hindi, 2015",https://www.mxplayer.in/movie/watch-patel-on-sale-movie-online-7fdf6a8c16cbe22eb34f4984b1c10e9d,https://j2apps.s.llnwi.net/is1/media/images/7fdf6a8c16cbe22eb34f4984b1c10e9d/2x3/2x/test_pic1552649876355.jpg,https://www.mxplayer.in/movie/watch-patel-on-sale-movie-online-7fdf6a8c16cbe22eb34f4984b1c10e9d
https://www.mxplayer.in/movies,"Sarrainodu (Hindi)
Action, Hindi, 2017",https://www.mxplayer.in/movie/watch-sarrainodu-hindi-movie-online-3624e517ee336ba0d9b63bf2bd857502,https://j2apps.s.llnwi.net/is1/media/images/3624e517ee336ba0d9b63bf2bd857502/2x3/2x/test_pic1544792858186.jpg,https://www.mxplayer.in/movie/watch-sarrainodu-hindi-movie-online-3624e517ee336ba0d9b63bf2bd857502
https://www.mxplayer.in/movies,"The Super Khiladi 3
Dub, Hindi, 2010",https://www.mxplayer.in/movie/watch-the-super-khiladi-3-movie-online-dcadd79d339a2be9581c0308ee80503d,https://j2apps.s.llnwi.net/is1/media/images/dcadd79d339a2be9581c0308ee80503d/2x3/2x/test_pic1552901453164.jpg,https://www.mxplayer.in/movie/watch-the-super-khiladi-3-movie-online-dcadd79d339a2be9581c0308ee80503d
https://www.mxplayer.in/movies,"Theri
Action, Hindi, 2016",https://www.mxplayer.in/movie/watch-theri-movie-online-03f114e7f992e895fc16a4687a93c30b,https://j2apps.s.llnwi.net/is1/media/images/03f114e7f992e895fc16a4687a93c30b/2x3/2x/test_pic1538056754396_logo.jpg,https://www.mxplayer.in/movie/watch-theri-movie-online-03f114e7f992e895fc16a4687a93c30b
https://www.mxplayer.in/movies,"Janatha Garage
Action, Hindi, 2017",https://www.mxplayer.in/movie/watch-janatha-garage-movie-online-04ce577554791f36d5a8211f1c48fdf6,https://j2apps.s.llnwi.net/is1/media/images/04ce577554791f36d5a8211f1c48fdf6/2x3/2x/test_pic1551189281606.jpg,https://www.mxplayer.in/movie/watch-janatha-garage-movie-online-04ce577554791f36d5a8211f1c48fdf6
https://www.mxplayer.in/movies,"Ek Yodha Shoorveer | Hindi Dub
Hollywood Dub, Hindi, 2016",https://www.mxplayer.in/movie/watch-ek-yodha-shoorveer-hindi-dub-movie-online-6127d1d14cc91ef67c38c65692063436,https://j2apps.s.llnwi.net/is1/media/images/6127d1d14cc91ef67c38c65692063436/2x3/2x/test_pic1536760943975.jpg,https://www.mxplayer.in/movie/watch-ek-yodha-shoorveer-hindi-dub-movie-online-6127d1d14cc91ef67c38c65692063436
https://www.mxplayer.in/movies,"Yevadu
Action, Hindi, 2014",https://www.mxplayer.in/movie/watch-yevadu-movie-online-0469f57ba4937f89d8c7af1aae17dd50,https://j2apps.s.llnwi.net/is1/media/images/0469f57ba4937f89d8c7af1aae17dd50/2x3/2x/test_pic1538056914289_logo.jpg,https://www.mxplayer.in/movie/watch-yevadu-movie-online-0469f57ba4937f89d8c7af1aae17dd50
https://www.mxplayer.in/movies,"Rowdy Hero 2
Action, Hindi, 2016",https://www.mxplayer.in/movie/watch-rowdy-hero-2-movie-online-8f0ed2badfee53ac3aac17bc67307c76,https://j2apps.s.llnwi.net/is1/media/images/8f0ed2badfee53ac3aac17bc67307c76/2x3/2x/test_pic1541401530559.jpg,https://www.mxplayer.in/movie/watch-rowdy-hero-2-movie-online-8f0ed2badfee53ac3aac17bc67307c76
https://www.mxplayer.in/movies,"Phool Aur Kaante
Action, Hindi, 1991",https://www.mxplayer.in/movie/watch-phool-aur-kaante-movie-online-4372de94e408755f2869dbda5cc4bddf,https://j2apps.s.llnwi.net/is1/media/images/4372de94e408755f2869dbda5cc4bddf/2x3/2x/test_pic1531035453386.jpg,https://www.mxplayer.in/movie/watch-phool-aur-kaante-movie-online-4372de94e408755f2869dbda5cc4bddf
https://www.mxplayer.in/movies,"Jigar
Action, Hindi, 1992",https://www.mxplayer.in/movie/watch-jigar-movie-online-3fd87d5aaecdbc9af13662125ab54584,https://j2apps.s.llnwi.net/is1/media/images/3fd87d5aaecdbc9af13662125ab54584/2x3/2x/test_pic1550728917164.jpg,https://www.mxplayer.in/movie/watch-jigar-movie-online-3fd87d5aaecdbc9af13662125ab54584
https://www.mxplayer.in/movies,"Hogi Pyar Ki Jeet
Romance, Hindi, 1999",https://www.mxplayer.in/movie/watch-hogi-pyar-ki-jeet-movie-online-8bac54e042278b9f1ecb9ba48e63d9cd,https://j2apps.s.llnwi.net/is1/media/images/8bac54e042278b9f1ecb9ba48e63d9cd/2x3/2x/test_pic1539348593612.jpg,https://www.mxplayer.in/movie/watch-hogi-pyar-ki-jeet-movie-online-8bac54e042278b9f1ecb9ba48e63d9cd
https://www.mxplayer.in/movies,"Divya Shakti
Action, Hindi, 1993",https://www.mxplayer.in/movie/watch-divya-shakti-movie-online-5343876bb0d5ba0dd4acb854af1e75c6,https://j2apps.s.llnwi.net/is1/media/images/5343876bb0d5ba0dd4acb854af1e75c6/2x3/2x/test_pic1532868239208.jpg,https://www.mxplayer.in/movie/watch-divya-shakti-movie-online-5343876bb0d5ba0dd4acb854af1e75c6
https://www.mxplayer.in/movies,"Zor
Action, Hindi, 1998",https://www.mxplayer.in/movie/watch-zor-movie-online-aeafe4344a42a91e8967d261828f1e03,https://j2apps.s.llnwi.net/is1/media/images/aeafe4344a42a91e8967d261828f1e03/2x3/2x/4708021530001_270x405_logo.jpg,https://www.mxplayer.in/movie/watch-zor-movie-online-aeafe4344a42a91e8967d261828f1e03
https://www.mxplayer.in/movies,"Aaj Ka Arjun
Action, Hindi, 1990",https://www.mxplayer.in/movie/watch-aaj-ka-arjun-movie-online-db7b798aaaa7ebd612e86d319753c033,https://j2apps.s.llnwi.net/is1/media/images/db7b798aaaa7ebd612e86d319753c033/2x3/2x/test_pic1532868029103.jpg,https://www.mxplayer.in/movie/watch-aaj-ka-arjun-movie-online-db7b798aaaa7ebd612e86d319753c033
https://www.mxplayer.in/movies,"Angrakshak
Action, Hindi, 1995",https://www.mxplayer.in/movie/watch-angrakshak-movie-online-1255ebe8aa87ec9aac84380affd6d757,https://j2apps.s.llnwi.net/is1/media/images/1255ebe8aa87ec9aac84380affd6d757/2x3/2x/test_pic1550668369140.jpg,https://www.mxplayer.in/movie/watch-angrakshak-movie-online-1255ebe8aa87ec9aac84380affd6d757
https://www.mxplayer.in/movies,"Hulchul
Action, Hindi, 1995",https://www.mxplayer.in/movie/watch-hulchul-movie-online-6e5a4d5ed75681086a6ffec73de4b43a,https://j2apps.s.llnwi.net/is1/media/images/6e5a4d5ed75681086a6ffec73de4b43a/2x3/2x/test_pic1539352232154.jpg,https://www.mxplayer.in/movie/watch-hulchul-movie-online-6e5a4d5ed75681086a6ffec73de4b43a
https://www.mxplayer.in/movies,"Ganga Tere Desh Mein
Action, Hindi, 1988",https://www.mxplayer.in/movie/watch-ganga-tere-desh-mein-movie-online-32ce1f0dcadc38079f252c969d60a545,https://j2apps.s.llnwi.net/is1/media/images/32ce1f0dcadc38079f252c969d60a545/2x3/2x/test_pic1532872064933.jpg,https://www.mxplayer.in/movie/watch-ganga-tere-desh-mein-movie-online-32ce1f0dcadc38079f252c969d60a545
https://www.mxplayer.in/movies,"Love
Drama, Hindi, 1991",https://www.mxplayer.in/movie/watch-love-movie-online-1eec644a05816561e089d518cea1bc72,https://j2apps.s.llnwi.net/is1/media/images/1eec644a05816561e089d518cea1bc72/2x3/2x/test_pic1535116491824.jpg,https://www.mxplayer.in/movie/watch-love-movie-online-1eec644a05816561e089d518cea1bc72
https://www.mxplayer.in/movies,"Entertainment
Action, Hindi, 2014",https://www.mxplayer.in/movie/watch-entertainment-movie-online-8206d24f706cdcfc2079f5242fb48ca8,https://j2apps.s.llnwi.net/is1/media/images/8206d24f706cdcfc2079f5242fb48ca8/2x3/2x/test_pic1542799747722.jpg,https://www.mxplayer.in/movie/watch-entertainment-movie-online-8206d24f706cdcfc2079f5242fb48ca8
https://www.mxplayer.in/movies,"The Legend of Michel Mishra
Comedy, Hindi, 2016",https://www.mxplayer.in/movie/watch-the-legend-of-michel-mishra-movie-online-5530c0a2a77e4dc52cef1a8b9402255a,https://j2apps.s.llnwi.net/is1/media/images/5530c0a2a77e4dc52cef1a8b9402255a/2x3/2x/test_pic1540982661929.jpg,https://www.mxplayer.in/movie/watch-the-legend-of-michel-mishra-movie-online-5530c0a2a77e4dc52cef1a8b9402255a
https://www.mxplayer.in/movies,"Awara Paagal Deewana
Action, Hindi, 2002",https://www.mxplayer.in/movie/watch-awara-paagal-deewana-movie-online-66c3756528a84c80e6842d63bffa1e54,https://j2apps.s.llnwi.net/is1/media/images/66c3756528a84c80e6842d63bffa1e54/2x3/2x/test_pic1532871451238.jpg,https://www.mxplayer.in/movie/watch-awara-paagal-deewana-movie-online-66c3756528a84c80e6842d63bffa1e54
https://www.mxplayer.in/movies,"Bade Miyan Chote Miyan
Comedy, Hindi, 1998",https://www.mxplayer.in/movie/watch-bade-miyan-chote-miyan-movie-online-9d44becea1d57787517e6b6382c71060,https://j2apps.s.llnwi.net/is1/media/images/9d44becea1d57787517e6b6382c71060/2x3/2x/test_pic1539614641522.jpg,https://www.mxplayer.in/movie/watch-bade-miyan-chote-miyan-movie-online-9d44becea1d57787517e6b6382c71060
https://www.mxplayer.in/movies,"War Chhod Na Yaar
Comedy, Hindi, 2013",https://www.mxplayer.in/movie/watch-war-chhod-na-yaar-movie-online-829930e917f6e0bab43e65e2ff6c7e7b,https://j2apps.s.llnwi.net/is1/media/images/829930e917f6e0bab43e65e2ff6c7e7b/2x3/2x/test_pic1538746252355.jpg,https://www.mxplayer.in/movie/watch-war-chhod-na-yaar-movie-online-829930e917f6e0bab43e65e2ff6c7e7b
https://www.mxplayer.in/movies,"Kyaa Kool Hain Hum 3
Comedy, Hindi, 2016",https://www.mxplayer.in/detail/movie/28b51c1ecf36608d9ce5770fde4cc161,https://j2apps.s.llnwi.net/is1/media/images/28b51c1ecf36608d9ce5770fde4cc161/2x3/2x/altbalaji_77104204cbe55b3e70a1fd7fc99c15ba.jpg,https://www.mxplayer.in/detail/movie/28b51c1ecf36608d9ce5770fde4cc161
https://www.mxplayer.in/movies,"Kyaa Kool Hai Hum
Mystery, Hindi, 2005",https://www.mxplayer.in/movie/watch-kyaa-kool-hai-hum-movie-online-c72f401eb7ceb93b696528800d479054,https://j2apps.s.llnwi.net/is1/media/images/c72f401eb7ceb93b696528800d479054/2x3/2x/altbalaji_7245a35ef37efe6a160e3dc4772f234f.jpg,https://www.mxplayer.in/movie/watch-kyaa-kool-hai-hum-movie-online-c72f401eb7ceb93b696528800d479054
https://www.mxplayer.in/movies,"Kuku Mathur Ki Jhand Ho Gayi
Comedy, Hindi, 2014",https://www.mxplayer.in/movie/watch-kuku-mathur-ki-jhand-ho-gayi-movie-online-00eb03e5226f411ea2a5ad0a4901a5ff,https://j2apps.s.llnwi.net/is1/media/images/00eb03e5226f411ea2a5ad0a4901a5ff/2x3/2x/altbalaji_877e9fc56b13193697ad02566a91654d.jpg,https://www.mxplayer.in/movie/watch-kuku-mathur-ki-jhand-ho-gayi-movie-online-00eb03e5226f411ea2a5ad0a4901a5ff
https://www.mxplayer.in/movies,"C Kkompany
Comedy, Hindi, 2008",https://www.mxplayer.in/movie/watch-c-kkompany-movie-online-4c4fd589097866bc9f418a3d95c50937,https://j2apps.s.llnwi.net/is1/media/images/4c4fd589097866bc9f418a3d95c50937/2x3/2x/altbalaji_58b1be05d82f30e09b4e9f902f73b435.jpg,https://www.mxplayer.in/movie/watch-c-kkompany-movie-online-4c4fd589097866bc9f418a3d95c50937
https://www.mxplayer.in/movies,"Saptagiri Express
Dub, Hindi, 2016",https://www.mxplayer.in/movie/watch-saptagiri-express-movie-online-63507e92b5e6171f869e4d43374bb131,https://j2apps.s.llnwi.net/is1/media/images/63507e92b5e6171f869e4d43374bb131/2x3/2x/test_pic1555049435861.jpg,https://www.mxplayer.in/movie/watch-saptagiri-express-movie-online-63507e92b5e6171f869e4d43374bb131
https://www.mxplayer.in/movies,"Kaho Naa Pyaar Hai
Romance, Hindi, 2000",https://www.mxplayer.in/movie/watch-kaho-naa-pyaar-hai-movie-online-10fa4ae5cf40657976077870d858b0ac,https://j2apps.s.llnwi.net/is1/media/images/10fa4ae5cf40657976077870d858b0ac/2x3/2x/test_pic1539000289286.jpg,https://www.mxplayer.in/movie/watch-kaho-naa-pyaar-hai-movie-online-10fa4ae5cf40657976077870d858b0ac
https://www.mxplayer.in/movies,"Remo (Hindi)
Romance, Hindi, 2018",https://www.mxplayer.in/movie/watch-remo-hindi-movie-online-c0ee6ac6ecf286309dc7da0a93725f59,https://j2apps.s.llnwi.net/is1/media/images/c0ee6ac6ecf286309dc7da0a93725f59/2x3/2x/5838534122001_270x405.jpg,https://www.mxplayer.in/movie/watch-remo-hindi-movie-online-c0ee6ac6ecf286309dc7da0a93725f59
https://www.mxplayer.in/movies,"Issaq
Drama, Hindi, 2013",https://www.mxplayer.in/movie/watch-issaq-movie-online-d95f9be792aee07cec72abdc75d3f13a,https://j2apps.s.llnwi.net/is1/media/images/d95f9be792aee07cec72abdc75d3f13a/2x3/2x/test_pic1532869093432.jpg,https://www.mxplayer.in/movie/watch-issaq-movie-online-d95f9be792aee07cec72abdc75d3f13a
https://www.mxplayer.in/movies,"Love
Drama, Hindi, 1991",https://www.mxplayer.in/movie/watch-love-movie-online-1eec644a05816561e089d518cea1bc72,https://j2apps.s.llnwi.net/is1/media/images/1eec644a05816561e089d518cea1bc72/2x3/2x/test_pic1535116491824.jpg,https://www.mxplayer.in/movie/watch-love-movie-online-1eec644a05816561e089d518cea1bc72
https://www.mxplayer.in/movies,"Chori Chori Chupke Chupke
Romance, Hindi, 2001",https://www.mxplayer.in/movie/watch-chori-chori-chupke-chupke-movie-online-11e08749aed00da6770d88cf13522948,https://j2apps.s.llnwi.net/is1/media/images/11e08749aed00da6770d88cf13522948/2x3/2x/test_pic1539005893939.jpg,https://www.mxplayer.in/movie/watch-chori-chori-chupke-chupke-movie-online-11e08749aed00da6770d88cf13522948
https://www.mxplayer.in/movies,"Chirutha
Dub, Hindi, 2007",https://www.mxplayer.in/movie/watch-chirutha-movie-online-46a7cea8f39a1bfc491ec743f88352d4,https://j2apps.s.llnwi.net/is1/media/images/46a7cea8f39a1bfc491ec743f88352d4/2x3/2x/f71ed6489479979051ce2c127c6e7273_1280x1920.jpg,https://www.mxplayer.in/movie/watch-chirutha-movie-online-46a7cea8f39a1bfc491ec743f88352d4
https://www.mxplayer.in/movies,"Meri Awargi
Dub, Hindi, 2007",https://www.mxplayer.in/movie/watch-meri-awargi-movie-online-00806f99a917aa60e0ed2623bd072fa4,https://j2apps.s.llnwi.net/is1/media/images/00806f99a917aa60e0ed2623bd072fa4/2x3/2x/test_pic1552900320048.jpg,https://www.mxplayer.in/movie/watch-meri-awargi-movie-online-00806f99a917aa60e0ed2623bd072fa4
https://www.mxplayer.in/movies,"Daringbaaz Aashiq
Dub, Hindi, 2010",https://www.mxplayer.in/movie/watch-daringbaaz-aashiq-movie-online-0890251d3720a99835cbc6d29563dd66,https://j2apps.s.llnwi.net/is1/media/images/0890251d3720a99835cbc6d29563dd66/2x3/2x/test_pic1552647186579.jpg,https://www.mxplayer.in/movie/watch-daringbaaz-aashiq-movie-online-0890251d3720a99835cbc6d29563dd66
https://www.mxplayer.in/movies,"Yeh Raaste Hain Pyaar Ke
Romance, Hindi, 2001",https://www.mxplayer.in/movie/watch-yeh-raaste-hain-pyaar-ke-movie-online-52ac124de1e79e9eed4a302938f8dc62,https://j2apps.s.llnwi.net/is1/media/images/52ac124de1e79e9eed4a302938f8dc62/2x3/2x/test_pic1539008112960.jpg,https://www.mxplayer.in/movie/watch-yeh-raaste-hain-pyaar-ke-movie-online-52ac124de1e79e9eed4a302938f8dc62
https://www.mxplayer.in/movies,"Hogi Pyar Ki Jeet
Romance, Hindi, 1999",https://www.mxplayer.in/movie/watch-hogi-pyar-ki-jeet-movie-online-8bac54e042278b9f1ecb9ba48e63d9cd,https://j2apps.s.llnwi.net/is1/media/images/8bac54e042278b9f1ecb9ba48e63d9cd/2x3/2x/test_pic1539348593612.jpg,https://www.mxplayer.in/movie/watch-hogi-pyar-ki-jeet-movie-online-8bac54e042278b9f1ecb9ba48e63d9cd
https://www.mxplayer.in/movies,"Main Hoon Rakshak
Dub, Hindi, 2015",https://www.mxplayer.in/movie/watch-main-hoon-rakshak-movie-online-e411aafef793612dd34667b9c775dc47,https://j2apps.s.llnwi.net/is1/media/images/e411aafef793612dd34667b9c775dc47/2x3/2x/81599cd9ff45a4eb9005a79a3ade0d84_1280x1920.jpg,https://www.mxplayer.in/movie/watch-main-hoon-rakshak-movie-online-e411aafef793612dd34667b9c775dc47
https://www.mxplayer.in/movies,"Rajkumar
Dub, Hindi, 2009",https://www.mxplayer.in/movie/watch-rajkumar-movie-online-574a442b4dd3445df2a2eb6c2e86e9ab,https://j2apps.s.llnwi.net/is1/media/images/574a442b4dd3445df2a2eb6c2e86e9ab/2x3/2x/test_pic1552653566111.jpg,https://www.mxplayer.in/movie/watch-rajkumar-movie-online-574a442b4dd3445df2a2eb6c2e86e9ab
https://www.mxplayer.in/movies,"Dadagari 2
Dub, Hindi, 2017",https://www.mxplayer.in/movie/watch-dadagari-2-movie-online-26e27681a2fe5a7202a671accffd6c57,https://j2apps.s.llnwi.net/is1/media/images/26e27681a2fe5a7202a671accffd6c57/2x3/2x/test_pic1552638672107.jpg,https://www.mxplayer.in/movie/watch-dadagari-2-movie-online-26e27681a2fe5a7202a671accffd6c57
https://www.mxplayer.in/movies,"Shorgul
Drama, Hindi, 2016",https://www.mxplayer.in/movie/watch-shorgul-movie-online-3c7b159c7c9b905c6efa178114f8feec,https://j2apps.s.llnwi.net/is1/media/images/3c7b159c7c9b905c6efa178114f8feec/2x3/2x/test_pic1540982093592.jpg,https://www.mxplayer.in/movie/watch-shorgul-movie-online-3c7b159c7c9b905c6efa178114f8feec
https://www.mxplayer.in/movies,"Bhayanak A Mystery
Dub, Hindi, 2005",https://www.mxplayer.in/movie/watch-bhayanak-a-mystery-movie-online-01f18429e6c1d668046046cd70a3828d,https://j2apps.s.llnwi.net/is1/media/images/01f18429e6c1d668046046cd70a3828d/2x3/2x/49f5713a4ad171ba0ea077adb39d48da_1280x1920.jpg,https://www.mxplayer.in/movie/watch-bhayanak-a-mystery-movie-online-01f18429e6c1d668046046cd70a3828d
https://www.mxplayer.in/movies,"Shaurya
Crime, Hindi, 2008",https://www.mxplayer.in/movie/watch-shaurya-movie-online-97305a59f0dc85a9c697c1e1fe1c7c66,https://j2apps.s.llnwi.net/is1/media/images/97305a59f0dc85a9c697c1e1fe1c7c66/2x3/2x/test_pic1544007525274.jpg,https://www.mxplayer.in/movie/watch-shaurya-movie-online-97305a59f0dc85a9c697c1e1fe1c7c66
https://www.mxplayer.in/movies,"Surkhaab
Thriller, Hindi, 2019",https://www.mxplayer.in/movie/watch-surkhaab-movie-online-115f3fe95e10946c7f6dc3e666f4738e,https://j2apps.s.llnwi.net/is1/media/images/115f3fe95e10946c7f6dc3e666f4738e/2x3/2x/5774981245001_270x405_logo.jpg,https://www.mxplayer.in/movie/watch-surkhaab-movie-online-115f3fe95e10946c7f6dc3e666f4738e
https://www.mxplayer.in/movies,"Train of Dead | Hindi Dub
Hollywood Dub, Hindi, 2006",https://www.mxplayer.in/movie/watch-train-of-dead-hindi-dub-movie-online-44d79eb591efe32c057cc4573cd2c9f6,https://j2apps.s.llnwi.net/is1/media/images/44d79eb591efe32c057cc4573cd2c9f6/2x3/2x/test_pic1537451262525.jpg,https://www.mxplayer.in/movie/watch-train-of-dead-hindi-dub-movie-online-44d79eb591efe32c057cc4573cd2c9f6
https://www.mxplayer.in/movies,"Do Jaanbaaz (Killing Season) 
Hollywood Dub, Hindi, 2014",https://www.mxplayer.in/movie/watch-do-jaanbaaz-killing-season-movie-online-b955dd0b08c78f7dc47383caee0ab149,https://j2apps.s.llnwi.net/is1/media/images/b955dd0b08c78f7dc47383caee0ab149/2x3/2x/test_pic1538032422793.jpg,https://www.mxplayer.in/movie/watch-do-jaanbaaz-killing-season-movie-online-b955dd0b08c78f7dc47383caee0ab149
https://www.mxplayer.in/movies,"Black or White | Hindi Dub
Hollywood Dub, Hindi, 2013",https://www.mxplayer.in/movie/watch-black-or-white-hindi-dub-movie-online-b550cff651f4b65824ecd863d35e7d73,https://j2apps.s.llnwi.net/is1/media/images/b550cff651f4b65824ecd863d35e7d73/2x3/2x/test_pic1531726437673.jpg,https://www.mxplayer.in/movie/watch-black-or-white-hindi-dub-movie-online-b550cff651f4b65824ecd863d35e7d73
https://www.mxplayer.in/movies,"Lori
Drama, Hindi, 2017",https://www.mxplayer.in/movie/watch-lori-movie-online-f3b80001937bb1a2a02d0d4d036236b3,https://j2apps.s.llnwi.net/is1/media/images/f3b80001937bb1a2a02d0d4d036236b3/2x3/2x/test_pic1530794783023.jpg,https://www.mxplayer.in/movie/watch-lori-movie-online-f3b80001937bb1a2a02d0d4d036236b3
https://www.mxplayer.in/movies,"Girl On Heels - Short Film
Short, Hindi, 2017",https://www.mxplayer.in/movie/watch-girl-on-heels-short-film-movie-online-e760990fe31db3fc80b497bef45b11e8,https://j2apps.s.llnwi.net/is1/media/images/e760990fe31db3fc80b497bef45b11e8/2x3/2x/test_pic1553246798684.jpg,https://www.mxplayer.in/movie/watch-girl-on-heels-short-film-movie-online-e760990fe31db3fc80b497bef45b11e8
https://www.mxplayer.in/movies,"The Guide
Short, Hindi, 2018",https://www.mxplayer.in/movie/watch-the-guide-movie-online-e7274ca20e88b042aaebc038946b5c88,https://j2apps.s.llnwi.net/is1/media/images/e7274ca20e88b042aaebc038946b5c88/2x3/2x/test_pic1547809699830.jpg,https://www.mxplayer.in/movie/watch-the-guide-movie-online-e7274ca20e88b042aaebc038946b5c88
https://www.mxplayer.in/movies,"Salt 'N' Pepper
Short, Hindi, 2018",https://www.mxplayer.in/movie/watch-salt-n-pepper-movie-online-5a1b731322c49d24cb6d87bd50594025,https://j2apps.s.llnwi.net/is1/media/images/5a1b731322c49d24cb6d87bd50594025/2x3/2x/test_pic1539354146577.jpg,https://www.mxplayer.in/movie/watch-salt-n-pepper-movie-online-5a1b731322c49d24cb6d87bd50594025
https://www.mxplayer.in/movies,"Dilli Vala Dost - Short Film
Short, Hindi, 2017",https://www.mxplayer.in/movie/watch-dilli-vala-dost-short-film-movie-online-0aecbdef861649cdb0dea8378415a825,https://j2apps.s.llnwi.net/is1/media/images/0aecbdef861649cdb0dea8378415a825/2x3/2x/test_pic1551189715428.jpg,https://www.mxplayer.in/movie/watch-dilli-vala-dost-short-film-movie-online-0aecbdef861649cdb0dea8378415a825
https://www.mxplayer.in/movies,"Dooriyan
Drama, Hindi, 2016",https://www.mxplayer.in/movie/watch-dooriyan-movie-online-95f10df8430ec6ecab5a705194f7c037,https://j2apps.s.llnwi.net/is1/media/images/95f10df8430ec6ecab5a705194f7c037/2x3/2x/test_pic1550728173057.jpg,https://www.mxplayer.in/movie/watch-dooriyan-movie-online-95f10df8430ec6ecab5a705194f7c037
https://www.mxplayer.in/movies,"Papa
Musical, Hindi, 2018",https://www.mxplayer.in/movie/watch-papa-movie-online-bb4c27fb76b1196e4254885c24d86c3f,https://j2apps.s.llnwi.net/is1/media/images/bb4c27fb76b1196e4254885c24d86c3f/2x3/2x/test_pic1533534710910.jpg,https://www.mxplayer.in/movie/watch-papa-movie-online-bb4c27fb76b1196e4254885c24d86c3f
https://www.mxplayer.in/movies,"Maafinama
Drama, Hindi, 2015",https://www.mxplayer.in/movie/watch-maafinama-movie-online-029d9024803b7dae47c74a8abecee1ed,https://j2apps.s.llnwi.net/is1/media/images/029d9024803b7dae47c74a8abecee1ed/2x3/2x/test_pic1530794808688.jpg,https://www.mxplayer.in/movie/watch-maafinama-movie-online-029d9024803b7dae47c74a8abecee1ed
https://www.mxplayer.in/movies,"Hawa Ke Pankh
Short, Hindi, 2018",https://www.mxplayer.in/movie/watch-hawa-ke-pankh-movie-online-5cdc99008d3fd9dcaa0c6fb6c2522e24,https://j2apps.s.llnwi.net/is1/media/images/5cdc99008d3fd9dcaa0c6fb6c2522e24/2x3/2x/test_pic1533300067648.jpg,https://www.mxplayer.in/movie/watch-hawa-ke-pankh-movie-online-5cdc99008d3fd9dcaa0c6fb6c2522e24
https://www.mxplayer.in/movies,"Mallika
Short, Hindi, 2018",https://www.mxplayer.in/movie/watch-mallika-movie-online-28c55ce79e48d53dc1cd06403e7e15cd,https://j2apps.s.llnwi.net/is1/media/images/28c55ce79e48d53dc1cd06403e7e15cd/2x3/2x/test_pic1533533842985.jpg,https://www.mxplayer.in/movie/watch-mallika-movie-online-28c55ce79e48d53dc1cd06403e7e15cd
https://www.mxplayer.in/movies,"Krishna
Animation, Hindi, 2011",https://www.mxplayer.in/movie/watch-krishna-movie-online-925c5cdd21fb13331e127682cac67241,https://j2apps.s.llnwi.net/is1/media/images/925c5cdd21fb13331e127682cac67241/2x3/2x/test_pic1536763360869.jpg,https://www.mxplayer.in/movie/watch-krishna-movie-online-925c5cdd21fb13331e127682cac67241
https://www.mxplayer.in/movies,"Hanuman
Animation, Hindi, 2011",https://www.mxplayer.in/movie/watch-hanuman-movie-online-57c56a91cd48d5230d73a362ba9ff465,https://j2apps.s.llnwi.net/is1/media/images/57c56a91cd48d5230d73a362ba9ff465/2x3/2x/test_pic1532872276595.jpg,https://www.mxplayer.in/movie/watch-hanuman-movie-online-57c56a91cd48d5230d73a362ba9ff465
https://www.mxplayer.in/movies,"Mahabharat
Action, Hindi, 2013",https://www.mxplayer.in/movie/watch-mahabharat-movie-online-2f7e080df4508369258f18f5409ada7c,https://j2apps.s.llnwi.net/is1/media/images/2f7e080df4508369258f18f5409ada7c/2x3/2x/test_pic1532869623655.jpg,https://www.mxplayer.in/movie/watch-mahabharat-movie-online-2f7e080df4508369258f18f5409ada7c
https://www.mxplayer.in/movies,"Shiv Parvati
Animation, Hindi, 2012",https://www.mxplayer.in/movie/watch-shiv-parvati-movie-online-9ebb798e5e4c569b8349c61f6fa9b381,https://j2apps.s.llnwi.net/is1/media/images/9ebb798e5e4c569b8349c61f6fa9b381/2x3/2x/test_pic1531034269243.jpg,https://www.mxplayer.in/movie/watch-shiv-parvati-movie-online-9ebb798e5e4c569b8349c61f6fa9b381
https://www.mxplayer.in/movies,"Ghatotkach
Animation, Hindi, 2008",https://www.mxplayer.in/movie/watch-ghatotkach-movie-online-972a87a0d0a8d3eb517ee54d5305e62b,https://j2apps.s.llnwi.net/is1/media/images/972a87a0d0a8d3eb517ee54d5305e62b/2x3/2x/test_pic1532868451844.jpg,https://www.mxplayer.in/movie/watch-ghatotkach-movie-online-972a87a0d0a8d3eb517ee54d5305e62b
https://www.mxplayer.in/movies,"Krishna Aayo Natkhat Nandlal
Action, Hindi, 2005",https://www.mxplayer.in/movie/watch-krishna-aayo-natkhat-nandlal-movie-online-a4ef59ceb3ac9d78df27e150e5582723,https://j2apps.s.llnwi.net/is1/media/images/a4ef59ceb3ac9d78df27e150e5582723/2x3/2x/test_pic1532872542350.jpg,https://www.mxplayer.in/movie/watch-krishna-aayo-natkhat-nandlal-movie-online-a4ef59ceb3ac9d78df27e150e5582723
https://www.mxplayer.in/movies,"Veeno in Turkey (Hindi)
Animation, Hindi, 2019",https://www.mxplayer.in/movie/watch-veeno-in-turkey-hindi-movie-online-30f440b274b05f68483b59358fb652ad,https://j2apps.s.llnwi.net/is1/media/images/30f440b274b05f68483b59358fb652ad/2x3/2x/5773002474001_270x405_logo.jpg,https://www.mxplayer.in/movie/watch-veeno-in-turkey-hindi-movie-online-30f440b274b05f68483b59358fb652ad
https://www.mxplayer.in/movies,"Luv - Kush
Adventure, Hindi, 2011",https://www.mxplayer.in/movie/watch-luv-kush-movie-online-4ff7512e256f8a5fab7ec4e1e0064331,https://j2apps.s.llnwi.net/is1/media/images/4ff7512e256f8a5fab7ec4e1e0064331/2x3/2x/test_pic1532872695227.jpg,https://www.mxplayer.in/movie/watch-luv-kush-movie-online-4ff7512e256f8a5fab7ec4e1e0064331
https://www.mxplayer.in/movies,"Ganesha
Animation, Hindi, 2011",https://www.mxplayer.in/movie/watch-ganesha-movie-online-72b9e258e62bf6915656ab11a4beaaf1,https://j2apps.s.llnwi.net/is1/media/images/72b9e258e62bf6915656ab11a4beaaf1/2x3/2x/test_pic1532960307051.jpg,https://www.mxplayer.in/movie/watch-ganesha-movie-online-72b9e258e62bf6915656ab11a4beaaf1
https://www.mxplayer.in/movies,"Ramayan ""Prince Of Ayodhya""
Animation, Hindi, 2011",https://www.mxplayer.in/movie/watch-ramayan-prince-of-ayodhya-movie-online-57366ff3ff1afbd5af1b5e2dbdeeceaa,https://j2apps.s.llnwi.net/is1/media/images/57366ff3ff1afbd5af1b5e2dbdeeceaa/2x3/2x/test_pic1532869324545.jpg,https://www.mxplayer.in/movie/watch-ramayan-prince-of-ayodhya-movie-online-57366ff3ff1afbd5af1b5e2dbdeeceaa
https://www.mxplayer.in/movies,"Zubaan
Drama, Hindi, 2016",https://www.mxplayer.in/movie/watch-zubaan-movie-online-1296532ef10532a8e08f085914353e5f,https://j2apps.s.llnwi.net/is1/media/images/1296532ef10532a8e08f085914353e5f/2x3/2x/test_pic1538745993892.jpg,https://www.mxplayer.in/movie/watch-zubaan-movie-online-1296532ef10532a8e08f085914353e5f
https://www.mxplayer.in/movies,"Aisha
Drama, Hindi, 2010",https://www.mxplayer.in/movie/watch-aisha-movie-online-fb44fe61ff7f24fac65998084e2e1b03,https://j2apps.s.llnwi.net/is1/media/images/fb44fe61ff7f24fac65998084e2e1b03/2x3/2x/test_pic1538745325790.jpg,https://www.mxplayer.in/movie/watch-aisha-movie-online-fb44fe61ff7f24fac65998084e2e1b03
https://www.mxplayer.in/movies,"Phir Hera Pheri
Comedy, Hindi, 2006",https://www.mxplayer.in/movie/watch-phir-hera-pheri-movie-online-7d49fc323cfb12a324792e69f33e95e5,https://j2apps.s.llnwi.net/is1/media/images/7d49fc323cfb12a324792e69f33e95e5/2x3/2x/test_pic1532872818558.jpg,https://www.mxplayer.in/movie/watch-phir-hera-pheri-movie-online-7d49fc323cfb12a324792e69f33e95e5
https://www.mxplayer.in/movies,"Kaho Naa Pyaar Hai
Romance, Hindi, 2000",https://www.mxplayer.in/movie/watch-kaho-naa-pyaar-hai-movie-online-10fa4ae5cf40657976077870d858b0ac,https://j2apps.s.llnwi.net/is1/media/images/10fa4ae5cf40657976077870d858b0ac/2x3/2x/test_pic1539000289286.jpg,https://www.mxplayer.in/movie/watch-kaho-naa-pyaar-hai-movie-online-10fa4ae5cf40657976077870d858b0ac
https://www.mxplayer.in/movies,"Apaharan
Action, Hindi, 2005",https://www.mxplayer.in/movie/watch-apaharan-movie-online-1f7fd7c04e59d5ec386e0587a6036314,https://j2apps.s.llnwi.net/is1/media/images/1f7fd7c04e59d5ec386e0587a6036314/2x3/2x/test_pic1540983685635.jpg,https://www.mxplayer.in/movie/watch-apaharan-movie-online-1f7fd7c04e59d5ec386e0587a6036314
https://www.mxplayer.in/movies,"Welcome
Comedy, Hindi, 2007",https://www.mxplayer.in/movie/watch-welcome-movie-online-af029a1c22b2125c7402e531505f28b7,https://j2apps.s.llnwi.net/is1/media/images/af029a1c22b2125c7402e531505f28b7/2x3/2x/test_pic1530866570776.jpg,https://www.mxplayer.in/movie/watch-welcome-movie-online-af029a1c22b2125c7402e531505f28b7
https://www.mxplayer.in/movies,"Deewane Huye Paagal
Action, Hindi, 2005",https://www.mxplayer.in/movie/watch-deewane-huye-paagal-movie-online-79b16b2361626933abbb372f1560ceff,https://j2apps.s.llnwi.net/is1/media/images/79b16b2361626933abbb372f1560ceff/2x3/2x/test_pic1544007584480.jpg,https://www.mxplayer.in/movie/watch-deewane-huye-paagal-movie-online-79b16b2361626933abbb372f1560ceff
https://www.mxplayer.in/movies,"Rakhta Charitra
Action, Hindi, 2010",https://www.mxplayer.in/movie/watch-rakhta-charitra-movie-online-056971480640e496d006d8cb63faa0e1,https://j2apps.s.llnwi.net/is1/media/images/056971480640e496d006d8cb63faa0e1/2x3/2x/test_pic1540878865772.jpg,https://www.mxplayer.in/movie/watch-rakhta-charitra-movie-online-056971480640e496d006d8cb63faa0e1
https://www.mxplayer.in/movies,"Ugly
Drama, Hindi, 2012",https://www.mxplayer.in/movie/watch-ugly-movie-online-3f6b97f92abf0b332ba9efba43ebecb9,https://j2apps.s.llnwi.net/is1/media/images/3f6b97f92abf0b332ba9efba43ebecb9/2x3/2x/test_pic1539614688948.jpg,https://www.mxplayer.in/movie/watch-ugly-movie-online-3f6b97f92abf0b332ba9efba43ebecb9
https://www.mxplayer.in/movies,"Shanghai 
Drama, Hindi, 2012",https://www.mxplayer.in/movie/watch-shanghai-movie-online-6a90ce2234e83cf4cb83c8a126c59436,https://j2apps.s.llnwi.net/is1/media/images/6a90ce2234e83cf4cb83c8a126c59436/2x3/2x/test_pic1538745984651.jpg,https://www.mxplayer.in/movie/watch-shanghai-movie-online-6a90ce2234e83cf4cb83c8a126c59436
https://www.mxplayer.in/movies,"Gutargu
Drama, Hindi, 2017",https://www.mxplayer.in/movie/watch-gutargu-movie-online-fe1d81c2fb2e96c032594665faa780c7,https://j2apps.s.llnwi.net/is1/media/images/fe1d81c2fb2e96c032594665faa780c7/2x3/2x/test_pic1530794334488.jpg,https://www.mxplayer.in/movie/watch-gutargu-movie-online-fe1d81c2fb2e96c032594665faa780c7
https://www.mxplayer.in/movies,"ABC
Slice of Life, Hindi, 2018",https://www.mxplayer.in/movie/watch-abc-movie-online-0ea6024856ced9f38d644f30daf7d360,https://j2apps.s.llnwi.net/is1/media/images/0ea6024856ced9f38d644f30daf7d360/2x3/2x/test_pic1533297402177.jpg,https://www.mxplayer.in/movie/watch-abc-movie-online-0ea6024856ced9f38d644f30daf7d360
https://www.mxplayer.in/movies,"Kajal
Drama, Hindi, 2018",https://www.mxplayer.in/movie/watch-kajal-movie-online-bd329898ff12d5b683f0673bfd32ac71,https://j2apps.s.llnwi.net/is1/media/images/bd329898ff12d5b683f0673bfd32ac71/2x3/2x/test_pic1530794542680.jpg,https://www.mxplayer.in/movie/watch-kajal-movie-online-bd329898ff12d5b683f0673bfd32ac71
https://www.mxplayer.in/movies,"Salt 'N' Pepper
Short, Hindi, 2018",https://www.mxplayer.in/movie/watch-salt-n-pepper-movie-online-5a1b731322c49d24cb6d87bd50594025,https://j2apps.s.llnwi.net/is1/media/images/5a1b731322c49d24cb6d87bd50594025/2x3/2x/test_pic1539354146577.jpg,https://www.mxplayer.in/movie/watch-salt-n-pepper-movie-online-5a1b731322c49d24cb6d87bd50594025
https://www.mxplayer.in/movies,"Laapata
Short, Hindi, 2018",https://www.mxplayer.in/movie/watch-laapata-movie-online-981fc992dea975634dc97abe8aa99d19,https://j2apps.s.llnwi.net/is1/media/images/981fc992dea975634dc97abe8aa99d19/2x3/2x/test_pic1539353169860.jpg,https://www.mxplayer.in/movie/watch-laapata-movie-online-981fc992dea975634dc97abe8aa99d19
https://www.mxplayer.in/movies,"In Your Arms
Romance, Hindi, 2018",https://www.mxplayer.in/movie/watch-in-your-arms-movie-online-fa48722ac734d8428cc92e60116c50d7,https://j2apps.s.llnwi.net/is1/media/images/fa48722ac734d8428cc92e60116c50d7/2x3/2x/test_pic1533300795163.jpg,https://www.mxplayer.in/movie/watch-in-your-arms-movie-online-fa48722ac734d8428cc92e60116c50d7
https://www.mxplayer.in/movies,"Eligible Bachelorette
Drama, Hindi, 2018",https://www.mxplayer.in/movie/watch-eligible-bachelorette-movie-online-b5a55aaf567c0cb01a041ea826a8234a,https://j2apps.s.llnwi.net/is1/media/images/b5a55aaf567c0cb01a041ea826a8234a/2x3/2x/test_pic1533298876849.jpg,https://www.mxplayer.in/movie/watch-eligible-bachelorette-movie-online-b5a55aaf567c0cb01a041ea826a8234a
https://www.mxplayer.in/movies,"The Coat 
Drama, Hindi, 2018",https://www.mxplayer.in/movie/watch-the-coat-movie-online-ab69d12da1826c5a86821d075b716c5f,https://j2apps.s.llnwi.net/is1/media/images/ab69d12da1826c5a86821d075b716c5f/2x3/2x/test_pic1550731362885.jpg,https://www.mxplayer.in/movie/watch-the-coat-movie-online-ab69d12da1826c5a86821d075b716c5f
https://www.mxplayer.in/movies,"Choices
Drama, Hindi, 2017",https://www.mxplayer.in/movie/watch-choices-movie-online-aadd5c5775cc073a1adbfcc411959bb4,https://j2apps.s.llnwi.net/is1/media/images/aadd5c5775cc073a1adbfcc411959bb4/2x3/2x/test_pic1536681532289.jpg,https://www.mxplayer.in/movie/watch-choices-movie-online-aadd5c5775cc073a1adbfcc411959bb4
https://www.mxplayer.in/movies,"Zindagi
Slice of Life, Hindi, 2018",https://www.mxplayer.in/movie/watch-zindagi-movie-online-85a1e3eb91de398b18a4647c6695832b,https://j2apps.s.llnwi.net/is1/media/images/85a1e3eb91de398b18a4647c6695832b/2x3/2x/test_pic1533538703447.jpg,https://www.mxplayer.in/movie/watch-zindagi-movie-online-85a1e3eb91de398b18a4647c6695832b
https://www.mxplayer.in/movies,"Shanghai 
Drama, Hindi, 2012",https://www.mxplayer.in/movie/watch-shanghai-movie-online-6a90ce2234e83cf4cb83c8a126c59436,https://j2apps.s.llnwi.net/is1/media/images/6a90ce2234e83cf4cb83c8a126c59436/2x3/2x/test_pic1538745984651.jpg,https://www.mxplayer.in/movie/watch-shanghai-movie-online-6a90ce2234e83cf4cb83c8a126c59436
https://www.mxplayer.in/movies,"Ugly
Drama, Hindi, 2012",https://www.mxplayer.in/movie/watch-ugly-movie-online-3f6b97f92abf0b332ba9efba43ebecb9,https://j2apps.s.llnwi.net/is1/media/images/3f6b97f92abf0b332ba9efba43ebecb9/2x3/2x/test_pic1539614688948.jpg,https://www.mxplayer.in/movie/watch-ugly-movie-online-3f6b97f92abf0b332ba9efba43ebecb9
https://www.mxplayer.in/movies,"I AM
Drama, Hindi, 2011",https://www.mxplayer.in/movie/watch-i-am-movie-online-eb57e87c09915a4cd10c9faa16bf5c73,https://j2apps.s.llnwi.net/is1/media/images/eb57e87c09915a4cd10c9faa16bf5c73/2x3/2x/test_pic1538743951143.jpg,https://www.mxplayer.in/movie/watch-i-am-movie-online-eb57e87c09915a4cd10c9faa16bf5c73
https://www.mxplayer.in/movies,"Midnight Children
Drama, Hindi, 2013",https://www.mxplayer.in/movie/watch-midnight-children-movie-online-255158501e2960ab3248f53e8baf3f02,https://j2apps.s.llnwi.net/is1/media/images/255158501e2960ab3248f53e8baf3f02/2x3/2x/test_pic1538982347494.jpg,https://www.mxplayer.in/movie/watch-midnight-children-movie-online-255158501e2960ab3248f53e8baf3f02
https://www.mxplayer.in/movies,"Saat Uchakkey
Comedy, Hindi, 2016",https://www.mxplayer.in/movie/watch-saat-uchakkey-movie-online-f141d8825d87e6438587fbe99c018f00,https://j2apps.s.llnwi.net/is1/media/images/f141d8825d87e6438587fbe99c018f00/2x3/2x/test_pic1538745613793.jpg,https://www.mxplayer.in/movie/watch-saat-uchakkey-movie-online-f141d8825d87e6438587fbe99c018f00
https://www.mxplayer.in/movies,"Lakshmi
Drama, Hindi, 2014",https://www.mxplayer.in/movie/watch-lakshmi-movie-online-f13e41d6644d8e8db33a9cf552adbaf9,https://j2apps.s.llnwi.net/is1/media/images/f13e41d6644d8e8db33a9cf552adbaf9/2x3/2x/test_pic1547810431025.jpg,https://www.mxplayer.in/movie/watch-lakshmi-movie-online-f13e41d6644d8e8db33a9cf552adbaf9
https://www.mxplayer.in/movies,"Shaurya
Crime, Hindi, 2008",https://www.mxplayer.in/movie/watch-shaurya-movie-online-97305a59f0dc85a9c697c1e1fe1c7c66,https://j2apps.s.llnwi.net/is1/media/images/97305a59f0dc85a9c697c1e1fe1c7c66/2x3/2x/test_pic1544007525274.jpg,https://www.mxplayer.in/movie/watch-shaurya-movie-online-97305a59f0dc85a9c697c1e1fe1c7c66
https://www.mxplayer.in/movies,"Mai Aur Charles 
Drama, Hindi, 2015",https://www.mxplayer.in/movie/watch-mai-aur-charles-movie-online-89f8df9b0eee86c421131cd1e9966a1c,https://j2apps.s.llnwi.net/is1/media/images/89f8df9b0eee86c421131cd1e9966a1c/2x3/2x/test_pic1538744648149.jpg,https://www.mxplayer.in/movie/watch-mai-aur-charles-movie-online-89f8df9b0eee86c421131cd1e9966a1c
https://www.mxplayer.in/movies,"Gangaajal
Action, Hindi, 2003",https://www.mxplayer.in/movie/watch-gangaajal-movie-online-8d57cd9191863cf7298f8b123da63e42,https://j2apps.s.llnwi.net/is1/media/images/8d57cd9191863cf7298f8b123da63e42/2x3/2x/test_pic1539689947576.jpg,https://www.mxplayer.in/movie/watch-gangaajal-movie-online-8d57cd9191863cf7298f8b123da63e42
https://www.mxplayer.in/movies,"Apaharan
Action, Hindi, 2005",https://www.mxplayer.in/movie/watch-apaharan-movie-online-1f7fd7c04e59d5ec386e0587a6036314,https://j2apps.s.llnwi.net/is1/media/images/1f7fd7c04e59d5ec386e0587a6036314/2x3/2x/test_pic1540983685635.jpg,https://www.mxplayer.in/movie/watch-apaharan-movie-online-1f7fd7c04e59d5ec386e0587a6036314
https://www.mxplayer.in/movies,"Gutargu
Drama, Hindi, 2017",https://www.mxplayer.in/movie/watch-gutargu-movie-online-fe1d81c2fb2e96c032594665faa780c7,https://j2apps.s.llnwi.net/is1/media/images/fe1d81c2fb2e96c032594665faa780c7/2x3/2x/test_pic1530794334488.jpg,https://www.mxplayer.in/movie/watch-gutargu-movie-online-fe1d81c2fb2e96c032594665faa780c7
https://www.mxplayer.in/movies,"Biryani 
Drama, Hindi, 2018",https://www.mxplayer.in/movie/watch-biryani-movie-online-b679a35dbbf2f0a5314db88658b1f544,https://j2apps.s.llnwi.net/is1/media/images/b679a35dbbf2f0a5314db88658b1f544/2x3/2x/test_pic1530793868023.jpg,https://www.mxplayer.in/movie/watch-biryani-movie-online-b679a35dbbf2f0a5314db88658b1f544
https://www.mxplayer.in/movies,"Destiny's Two
Romance, Hindi, 2018",https://www.mxplayer.in/movie/watch-destinys-two-movie-online-2d395e5fb55f14bd85521bc33649ca91,https://j2apps.s.llnwi.net/is1/media/images/2d395e5fb55f14bd85521bc33649ca91/2x3/2x/test_pic1538552069952.jpg,https://www.mxplayer.in/movie/watch-destinys-two-movie-online-2d395e5fb55f14bd85521bc33649ca91
https://www.mxplayer.in/movies,"Chapter Love - Short Film
Short, Hindi, 2018",https://www.mxplayer.in/movie/watch-chapter-love-short-film-movie-online-3d2ccd4616ddea5bc00d924938ffc6cd,https://j2apps.s.llnwi.net/is1/media/images/3d2ccd4616ddea5bc00d924938ffc6cd/2x3/2x/test_pic1550668569627.jpg,https://www.mxplayer.in/movie/watch-chapter-love-short-film-movie-online-3d2ccd4616ddea5bc00d924938ffc6cd
https://www.mxplayer.in/movies,"Matched! An India - Pakistan Independence Day Special
Short, Hindi, 2018",https://www.mxplayer.in/movie/watch-matched-an-india-pakistan-independence-day-special-movie-online-766b6ce2dafadc1fd555829e65d78b01,https://j2apps.s.llnwi.net/is1/media/images/766b6ce2dafadc1fd555829e65d78b01/2x3/2x/test_pic1535280909697_logo.jpg,https://www.mxplayer.in/movie/watch-matched-an-india-pakistan-independence-day-special-movie-online-766b6ce2dafadc1fd555829e65d78b01
https://www.mxplayer.in/movies,"Meera
Short, Hindi, 2018",https://www.mxplayer.in/movie/watch-meera-movie-online-0c079c227f47daaec0b57a3b576dcc83,https://j2apps.s.llnwi.net/is1/media/images/0c079c227f47daaec0b57a3b576dcc83/2x3/2x/test_pic1533534373621.jpg,https://www.mxplayer.in/movie/watch-meera-movie-online-0c079c227f47daaec0b57a3b576dcc83
https://www.mxplayer.in/movies,"Terms & Conditions Apply - Short Film
Short, Hindi, 2018",https://www.mxplayer.in/movie/watch-terms-and-conditions-apply-short-film-movie-online-a1b0e1a8a494aa9fc358ed008ad2ff4a,https://j2apps.s.llnwi.net/is1/media/images/a1b0e1a8a494aa9fc358ed008ad2ff4a/2x3/2x/084b7d0f0a93524d89acc30a3b724446_1920x1080.jpg,https://www.mxplayer.in/movie/watch-terms-and-conditions-apply-short-film-movie-online-a1b0e1a8a494aa9fc358ed008ad2ff4a
https://www.mxplayer.in/movies,"Deja Brew
Romance, Hindi, 2016",https://www.mxplayer.in/movie/watch-deja-brew-movie-online-94669800fbdbb88e5c6a15d30d680ac7,https://j2apps.s.llnwi.net/is1/media/images/94669800fbdbb88e5c6a15d30d680ac7/2x3/2x/test_pic1550727123810.jpg,https://www.mxplayer.in/movie/watch-deja-brew-movie-online-94669800fbdbb88e5c6a15d30d680ac7
https://www.mxplayer.in/movies,"Ek Mulaqat - Shashank Vyas - Adaa Khan - Short Film
Short, Hindi, 2018",https://www.mxplayer.in/movie/watch-ek-mulaqat-shashank-vyas-adaa-khan-short-film-movie-online-d41f2df5bf2c094816a99e04cb100b02,https://j2apps.s.llnwi.net/is1/media/images/d41f2df5bf2c094816a99e04cb100b02/2x3/2x/test_pic1556779516656.jpg,https://www.mxplayer.in/movie/watch-ek-mulaqat-shashank-vyas-adaa-khan-short-film-movie-online-d41f2df5bf2c094816a99e04cb100b02
https://www.mxplayer.in/movies,"Eligible Bachelorette
Drama, Hindi, 2018",https://www.mxplayer.in/movie/watch-eligible-bachelorette-movie-online-b5a55aaf567c0cb01a041ea826a8234a,https://j2apps.s.llnwi.net/is1/media/images/b5a55aaf567c0cb01a041ea826a8234a/2x3/2x/test_pic1533298876849.jpg,https://www.mxplayer.in/movie/watch-eligible-bachelorette-movie-online-b5a55aaf567c0cb01a041ea826a8234a
https://www.mxplayer.in/movies,"Happy Married Life
Romance, Hindi, 2018",https://www.mxplayer.in/movie/watch-happy-married-life-movie-online-af3860bd08016e129633c3e79615ac58,https://j2apps.s.llnwi.net/is1/media/images/af3860bd08016e129633c3e79615ac58/2x3/2x/test_pic1533299912854.jpg,https://www.mxplayer.in/movie/watch-happy-married-life-movie-online-af3860bd08016e129633c3e79615ac58
https://www.mxplayer.in/movies,"The Restaurant Couple
Romance, Hindi, 2018",https://www.mxplayer.in/movie/watch-the-restaurant-couple-movie-online-7da1d264555017238ddb3506d370a657,https://j2apps.s.llnwi.net/is1/media/images/7da1d264555017238ddb3506d370a657/2x3/2x/test_pic1533537676140.jpg,https://www.mxplayer.in/movie/watch-the-restaurant-couple-movie-online-7da1d264555017238ddb3506d370a657
https://www.mxplayer.in/movies,"Honest Doctors - Short Film
Short, Hindi, 2018",https://www.mxplayer.in/movie/watch-honest-doctors-short-film-movie-online-637b475ce35655f1b75c05b2b5f2a466,https://j2apps.s.llnwi.net/is1/media/images/637b475ce35655f1b75c05b2b5f2a466/2x3/2x/test_pic1550728829569.jpg,https://www.mxplayer.in/movie/watch-honest-doctors-short-film-movie-online-637b475ce35655f1b75c05b2b5f2a466
https://www.mxplayer.in/movies,"Varma Ji Ka Suitcase - Short Film
Short, Hindi, 2018",https://www.mxplayer.in/movie/watch-varma-ji-ka-suitcase-short-film-movie-online-b64fc0803a08e06c5727f652b913ac75,https://j2apps.s.llnwi.net/is1/media/images/b64fc0803a08e06c5727f652b913ac75/2x3/2x/test_pic1550668019894.jpg,https://www.mxplayer.in/movie/watch-varma-ji-ka-suitcase-short-film-movie-online-b64fc0803a08e06c5727f652b913ac75
https://www.mxplayer.in/movies,"Bharta
Short, Hindi, 2018",https://www.mxplayer.in/movie/watch-bharta-movie-online-62b3b143ea8930f91205dcff11badc2e,https://j2apps.s.llnwi.net/is1/media/images/62b3b143ea8930f91205dcff11badc2e/2x3/2x/test_pic1551187976474.jpg,https://www.mxplayer.in/movie/watch-bharta-movie-online-62b3b143ea8930f91205dcff11badc2e
https://www.mxplayer.in/movies,"Devil Wears Kediya - Part 2 - Short Film
Short, Gujarati, 2018",https://www.mxplayer.in/movie/watch-devil-wears-kediya-part-2-short-film-movie-online-da558ce73967f14910825cde02fdb16f,https://j2apps.s.llnwi.net/is1/media/images/da558ce73967f14910825cde02fdb16f/2x3/2x/test_pic1550728097328.jpg,https://www.mxplayer.in/movie/watch-devil-wears-kediya-part-2-short-film-movie-online-da558ce73967f14910825cde02fdb16f
https://www.mxplayer.in/movies,"Bloody Khuli Khidki - Short Film
Short, Hindi, 2016",https://www.mxplayer.in/movie/watch-bloody-khuli-khidki-short-film-movie-online-a16286b99b9be7ee7ad474dcf35df076,https://j2apps.s.llnwi.net/is1/media/images/a16286b99b9be7ee7ad474dcf35df076/2x3/2x/5223752026001_400x600_logo.jpg,https://www.mxplayer.in/movie/watch-bloody-khuli-khidki-short-film-movie-online-a16286b99b9be7ee7ad474dcf35df076
https://www.mxplayer.in/movies,"Devil Wears Kediya Part 1 (Gujarati) - Short Film
Short, Gujarati, 2018",https://www.mxplayer.in/movie/watch-devil-wears-kediya-part-1-gujarati-short-film-movie-online-1c0d65b5e9b976759a029ce3388a4a52,https://j2apps.s.llnwi.net/is1/media/images/1c0d65b5e9b976759a029ce3388a4a52/2x3/2x/test_pic1550727220016.jpg,https://www.mxplayer.in/movie/watch-devil-wears-kediya-part-1-gujarati-short-film-movie-online-1c0d65b5e9b976759a029ce3388a4a52
https://www.mxplayer.in/movies,"Menstrual Hygiene Day - The Pad - A Period Drama in Hindi
Short, Hindi, 2018",https://www.mxplayer.in/movie/watch-menstrual-hygiene-day-the-pad-a-period-drama-in-hindi-movie-online-57fd407ddd5fc876e5269a5fd7fb12e6,https://j2apps.s.llnwi.net/is1/media/images/57fd407ddd5fc876e5269a5fd7fb12e6/2x3/2x/5790462738001_270x405_logo.jpg,https://www.mxplayer.in/movie/watch-menstrual-hygiene-day-the-pad-a-period-drama-in-hindi-movie-online-57fd407ddd5fc876e5269a5fd7fb12e6
https://www.mxplayer.in/movies,"Viola
Short, English, 2018",https://www.mxplayer.in/movie/watch-viola-movie-online-9456fc2ee308369b89d666273df5d8f9,https://j2apps.s.llnwi.net/is1/media/images/9456fc2ee308369b89d666273df5d8f9/2x3/2x/test_pic1528122419725.jpg,https://www.mxplayer.in/movie/watch-viola-movie-online-9456fc2ee308369b89d666273df5d8f9
https://www.mxplayer.in/movies,"The Proposal
Romance, English, 2018",https://www.mxplayer.in/movie/watch-the-proposal-movie-online-342478d47666ee2793f804c175c5de8a,https://j2apps.s.llnwi.net/is1/media/images/342478d47666ee2793f804c175c5de8a/2x3/2x/test_pic1533537573140.jpg,https://www.mxplayer.in/movie/watch-the-proposal-movie-online-342478d47666ee2793f804c175c5de8a
https://www.mxplayer.in/movies,"The Job - Kalki Koechlin - Kushal Srivastava - Mini Talkies - Short Film
Short, Hindi, 2018",https://www.mxplayer.in/movie/watch-the-job-kalki-koechlin-kushal-srivastava-mini-talkies-short-film-movie-online-19f8c5c770aa31c73ebb2bbf445d2459,https://j2apps.s.llnwi.net/is1/media/images/19f8c5c770aa31c73ebb2bbf445d2459/2x3/2x/test_pic1550731458372.jpg,https://www.mxplayer.in/movie/watch-the-job-kalki-koechlin-kushal-srivastava-mini-talkies-short-film-movie-online-19f8c5c770aa31c73ebb2bbf445d2459
https://www.mxplayer.in/movies,"2B Or Not 2B
Magical realism, English, 2018",https://www.mxplayer.in/movie/watch-2b-or-not-2b-movie-online-bc389e61748cad0c8c2b8450ac297d1c,https://j2apps.s.llnwi.net/is1/media/images/bc389e61748cad0c8c2b8450ac297d1c/2x3/2x/test_pic1533297066653.jpg,https://www.mxplayer.in/movie/watch-2b-or-not-2b-movie-online-bc389e61748cad0c8c2b8450ac297d1c
https://www.mxplayer.in/movies,"A Moment Of Pause
Drama, English, 2013",https://www.mxplayer.in/movie/watch-a-moment-of-pause-movie-online-31432c58b18e888dd80c760c1feec281,https://j2apps.s.llnwi.net/is1/media/images/31432c58b18e888dd80c760c1feec281/2x3/2x/test_pic1550668297888.jpg,https://www.mxplayer.in/movie/watch-a-moment-of-pause-movie-online-31432c58b18e888dd80c760c1feec281
https://www.mxplayer.in/movies,"Little Big George
Short, English, 2015",https://www.mxplayer.in/movie/watch-little-big-george-movie-online-d5e2064276c500c416a84ee97eef13b5,https://j2apps.s.llnwi.net/is1/media/images/d5e2064276c500c416a84ee97eef13b5/2x3/2x/test_pic1539675020240.jpg,https://www.mxplayer.in/movie/watch-little-big-george-movie-online-d5e2064276c500c416a84ee97eef13b5
https://www.mxplayer.in/movies,"Kiwi Meets Berry
Short, English, 2018",https://www.mxplayer.in/movie/watch-kiwi-meets-berry-movie-online-3624c3a35a0d16a93c8d2d121a618822,https://j2apps.s.llnwi.net/is1/media/images/3624c3a35a0d16a93c8d2d121a618822/2x3/2x/test_pic1539675841421.jpg,https://www.mxplayer.in/movie/watch-kiwi-meets-berry-movie-online-3624c3a35a0d16a93c8d2d121a618822
https://www.mxplayer.in/movies,"Amen - Short Film
Short, English, 2016",https://www.mxplayer.in/movie/watch-amen-short-film-movie-online-58ff7564437de1af740638b96d4ed216,https://j2apps.s.llnwi.net/is1/media/images/58ff7564437de1af740638b96d4ed216/2x3/2x/5223721879001_400x600_logo.jpg,https://www.mxplayer.in/movie/watch-amen-short-film-movie-online-58ff7564437de1af740638b96d4ed216
https://www.mxplayer.in/movies,"Book of Love
Drama, English, 2017",https://www.mxplayer.in/movie/watch-book-of-love-movie-online-eb608ee467644c6566dd9cad03e12dc0,https://j2apps.s.llnwi.net/is1/media/images/eb608ee467644c6566dd9cad03e12dc0/2x3/2x/test_pic1530793603225.jpg,https://www.mxplayer.in/movie/watch-book-of-love-movie-online-eb608ee467644c6566dd9cad03e12dc0
https://www.mxplayer.in/movies,"Afterlife - Short Film
Short, English, 2016",https://www.mxplayer.in/movie/watch-afterlife-short-film-movie-online-03f6492c56591d1390cedcaad99a2e40,https://j2apps.s.llnwi.net/is1/media/images/03f6492c56591d1390cedcaad99a2e40/2x3/2x/5223691819001_400x600_logo.jpg,https://www.mxplayer.in/movie/watch-afterlife-short-film-movie-online-03f6492c56591d1390cedcaad99a2e40
https://www.mxplayer.in/movies,"Surkhaab
Thriller, Hindi, 2019",https://www.mxplayer.in/movie/watch-surkhaab-movie-online-115f3fe95e10946c7f6dc3e666f4738e,https://j2apps.s.llnwi.net/is1/media/images/115f3fe95e10946c7f6dc3e666f4738e/2x3/2x/5774981245001_270x405_logo.jpg,https://www.mxplayer.in/movie/watch-surkhaab-movie-online-115f3fe95e10946c7f6dc3e666f4738e
https://www.mxplayer.in/movies,"The Gift - Short Film
Short, Hindi, 2017",https://www.mxplayer.in/movie/watch-the-gift-short-film-movie-online-8e2302b3a97d62fe4a9336f97fa8ddbf,https://j2apps.s.llnwi.net/is1/media/images/8e2302b3a97d62fe4a9336f97fa8ddbf/2x3/2x/test_pic1556632934603.jpg,https://www.mxplayer.in/movie/watch-the-gift-short-film-movie-online-8e2302b3a97d62fe4a9336f97fa8ddbf
https://www.mxplayer.in/movies,"Shiva Dada
Dub, Hindi, 1991",https://www.mxplayer.in/movie/watch-shiva-dada-movie-online-30eca573b4c9f89390e0e8de245731a4,https://j2apps.s.llnwi.net/is1/media/images/30eca573b4c9f89390e0e8de245731a4/2x3/2x/a8f5883e24df775f2681820e0623ffb7_1280x1920.jpg,https://www.mxplayer.in/movie/watch-shiva-dada-movie-online-30eca573b4c9f89390e0e8de245731a4
https://www.mxplayer.in/movies,"Kudrat
Drama, Hindi, 1998",https://www.mxplayer.in/movie/watch-kudrat-movie-online-2733dc23fc88e5c8681a16e68ec89c26,https://j2apps.s.llnwi.net/is1/media/images/2733dc23fc88e5c8681a16e68ec89c26/2x3/2x/q75_test_pic1553245636614.jpg,https://www.mxplayer.in/movie/watch-kudrat-movie-online-2733dc23fc88e5c8681a16e68ec89c26
https://www.mxplayer.in/movies,"Birthday Cake - Short Film
Short, English, 2016",https://www.mxplayer.in/movie/watch-birthday-cake-short-film-movie-online-0d2b4913427c0ba393f903882bfe7c9d,https://j2apps.s.llnwi.net/is1/media/images/0d2b4913427c0ba393f903882bfe7c9d/2x3/2x/test_pic1556636168218.jpg,https://www.mxplayer.in/movie/watch-birthday-cake-short-film-movie-online-0d2b4913427c0ba393f903882bfe7c9d
https://www.mxplayer.in/movies,"Mar Mitenge 2 (Ramayya Vasthavayya)
Dub, Hindi, 2013",https://www.mxplayer.in/movie/watch-mar-mitenge-2-ramayya-vasthavayya-movie-online-6fa6951cd72b02fe4f0d3769640823d6,https://j2apps.s.llnwi.net/is1/media/images/6fa6951cd72b02fe4f0d3769640823d6/2x3/2x/test_pic1552648037236.jpg,https://www.mxplayer.in/movie/watch-mar-mitenge-2-ramayya-vasthavayya-movie-online-6fa6951cd72b02fe4f0d3769640823d6
https://www.mxplayer.in/movies,"Vivegam
Thriller, Hindi, 2017",https://www.mxplayer.in/detail/movie/51926f1240cdbcec6d9a4f26ca92cd78,https://j2apps.s.llnwi.net/is1/media/images/51926f1240cdbcec6d9a4f26ca92cd78/2x3/2x/test_pic1555059887467.jpg,https://www.mxplayer.in/detail/movie/51926f1240cdbcec6d9a4f26ca92cd78
https://www.mxplayer.in/movies,"Kyaa Kool Hain Hum 3
Comedy, Hindi, 2016",https://www.mxplayer.in/detail/movie/28b51c1ecf36608d9ce5770fde4cc161,https://j2apps.s.llnwi.net/is1/media/images/28b51c1ecf36608d9ce5770fde4cc161/2x3/2x/altbalaji_77104204cbe55b3e70a1fd7fc99c15ba.jpg,https://www.mxplayer.in/detail/movie/28b51c1ecf36608d9ce5770fde4cc161
https://www.mxplayer.in/movies,"Kanchana The Wonder Car
Horror, Hindi, 2017",https://www.mxplayer.in/movie/watch-kanchana-the-wonder-car-movie-online-c89ee55a351b7ea8da63b664464f3f9d,https://j2apps.s.llnwi.net/is1/media/images/c89ee55a351b7ea8da63b664464f3f9d/2x3/2x/test_pic1555058802028.jpg,https://www.mxplayer.in/movie/watch-kanchana-the-wonder-car-movie-online-c89ee55a351b7ea8da63b664464f3f9d
https://www.mxplayer.in/movies,"Warning
Thriller, Hindi, 2018",https://www.mxplayer.in/detail/movie/824f639e3eb92f89e320c016586c51a7,https://j2apps.s.llnwi.net/is1/media/images/824f639e3eb92f89e320c016586c51a7/2x3/2x/5cfde885d08ef8089687483e2b40c32b_1920x1080.jpg,https://www.mxplayer.in/detail/movie/824f639e3eb92f89e320c016586c51a7
