URL,title,type_language_year
/movie/watch-heart-attack-3-movie-online-9fc734ad705381dc9f53771d1696ffd5,Heart Attack 3,"Dub, Hindi, 2012"
/movie/watch-mca-middle-class-abbayi-movie-online-044f9473cdc249647b0ac9ee301b7a39,MCA (Middle Class Abbayi),"Dub, Hindi, 2017"
/movie/watch-fidaa-movie-online-a5807c1f4c8ee63a3e474d1164546239,Fidaa,"Dub, Hindi, 2017"
/movie/watch-heart-attack-movie-online-097366645ffe391abf0fcaf259aa37d4,Heart Attack,"Dub, Hindi, 2014"
/movie/watch-no-mr-perfect-movie-online-a51b83837ec06e05e94d27237bb3d125,No Mr Perfect,"Dub, Hindi, 2011"
/movie/watch-chakram-movie-online-cc7b28c8d4ca37d4f33a9380a52dffa4,Chakram,"Dub, Hindi, 2005"
/movie/watch-mohabbat-ke-dushman-movie-online-b0e66525624dfde1c7d6f458387fe8cd,Mohabbat Ke Dushman,"Dub, Hindi, 2006"
/movie/watch-sabse-bada-zero-movie-online-164954b519574b389c0af587e7594f9a,Sabse Bada Zero,"Dub, Hindi, 2017"
/movie/watch-daringbaaz-aashiq-movie-online-0890251d3720a99835cbc6d29563dd66,Daringbaaz Aashiq,"Dub, Hindi, 2010"
/movie/watch-meri-awargi-movie-online-00806f99a917aa60e0ed2623bd072fa4,Meri Awargi,"Dub, Hindi, 2007"
/movie/watch-dj-movie-online-3f7de5a6ca099b1e5ef3f8dfa888fc8c,DJ,"Dub, Hindi, 2017"
/movie/watch-the-super-khiladi-3-movie-online-dcadd79d339a2be9581c0308ee80503d,The Super Khiladi 3,"Dub, Hindi, 2010"
/movie/watch-sarrainodu-hindi-movie-online-3624e517ee336ba0d9b63bf2bd857502,Sarrainodu (Hindi),"Action, Hindi, 2017"
/movie/watch-patel-on-sale-movie-online-7fdf6a8c16cbe22eb34f4984b1c10e9d,Patel On Sale,"Dub, Hindi, 2015"
/movie/watch-kaashmora-movie-online-fcb7acb9e4a7d76f3b9172d600391ed3,Kaashmora,"Dub, Hindi, 2016"
/movie/watch-theri-movie-online-03f114e7f992e895fc16a4687a93c30b,Theri,"Action, Hindi, 2016"
/movie/watch-janatha-garage-movie-online-04ce577554791f36d5a8211f1c48fdf6,Janatha Garage,"Action, Hindi, 2017"
/movie/watch-ek-yodha-shoorveer-hindi-dub-movie-online-6127d1d14cc91ef67c38c65692063436,Ek Yodha Shoorveer | Hindi Dub,"Hollywood Dub, Hindi, 2016"
/movie/watch-yevadu-movie-online-0469f57ba4937f89d8c7af1aae17dd50,Yevadu,"Action, Hindi, 2014"
/movie/watch-rowdy-hero-2-movie-online-8f0ed2badfee53ac3aac17bc67307c76,Rowdy Hero 2,"Action, Hindi, 2016"
/movie/watch-almighty-thor-hindi-dub-movie-online-f12f61598884a1c2c5c064eab896b14f,Almighty Thor | Hindi Dub,"Hollywood Dub, Hindi, 2010"
/movie/watch-age-of-dinosaur-hindi-dub-movie-online-522f6a5eabd4f708d8552c46706ef2b6,Age of Dinosaur | Hindi Dub,"Hollywood Dub, Hindi, 2012"
/movie/watch-battledogs-hindi-dub-movie-online-f4397888b1c6d3fe70ec7da16cd57705,Battledogs | Hindi Dub,"Hollywood Dub, Hindi, 2012"
/movie/watch-avenger-grimm-hindi-dub-movie-online-50406e7a768953513e0a8e733249df8a,Avenger Grimm | Hindi Dub,"Hollywood Dub, Hindi, 2014"
/movie/watch-dragons-of-camelot-hindi-dub-movie-online-753aa804d516c005a3c999f2e2c28a98,Dragons of Camelot | Hindi Dub,"Hollywood Dub, Hindi, 2014"
/movie/watch-the-devils-double-hindi-dub-movie-online-87512d33c5deefffbe3355b9c501a948,The Devils Double | Hindi Dub,"Hollywood Dub, Hindi, 2010"
/movie/watch-jurassic-shark-hindi-dub-movie-online-a7c7cf360fe3aba517d27261f42a8ff1,Jurassic Shark | Hindi Dub,"Hollywood Dub, Hindi, 2011"
/movie/watch-jurassic-city-hindi-dub-movie-online-a55749210226173aa2fa3334d437fb3e,Jurassic City | Hindi Dub,"Hollywood Dub, Hindi, 2014"
/movie/watch-dragon-crusaders-hindi-dub-movie-online-d14edc35f7a231da70dd082d1864f8cd,Dragon Crusaders | Hindi Dub,"Hollywood Dub, Hindi, 2010"
/movie/watch-kaho-naa-pyaar-hai-movie-online-10fa4ae5cf40657976077870d858b0ac,Kaho Naa Pyaar Hai,"Romance, Hindi, 2000"
/movie/watch-remo-hindi-movie-online-c0ee6ac6ecf286309dc7da0a93725f59,Remo (Hindi),"Romance, Hindi, 2018"
/movie/watch-issaq-movie-online-d95f9be792aee07cec72abdc75d3f13a,Issaq,"Drama, Hindi, 2013"
/movie/watch-love-movie-online-1eec644a05816561e089d518cea1bc72,Love,"Drama, Hindi, 1991"
/movie/watch-chori-chori-chupke-chupke-movie-online-11e08749aed00da6770d88cf13522948,Chori Chori Chupke Chupke,"Romance, Hindi, 2001"
/movie/watch-chirutha-movie-online-46a7cea8f39a1bfc491ec743f88352d4,Chirutha,"Dub, Hindi, 2007"
/movie/watch-meri-awargi-movie-online-00806f99a917aa60e0ed2623bd072fa4,Meri Awargi,"Dub, Hindi, 2007"
/movie/watch-daringbaaz-aashiq-movie-online-0890251d3720a99835cbc6d29563dd66,Daringbaaz Aashiq,"Dub, Hindi, 2010"
/movie/watch-yeh-raaste-hain-pyaar-ke-movie-online-52ac124de1e79e9eed4a302938f8dc62,Yeh Raaste Hain Pyaar Ke,"Romance, Hindi, 2001"
/movie/watch-hogi-pyar-ki-jeet-movie-online-8bac54e042278b9f1ecb9ba48e63d9cd,Hogi Pyar Ki Jeet,"Romance, Hindi, 1999"
